author-name,work-title,work-type,bibacme-work-id,cligs-idno,num-pages,num-words
"Altamirano, Ignacio Manuel","El Zarco",novela,W1181,nh0007,-,50965
"Meza, Ramón","Mi tío el empleado",novela,W699,nh0010,-,93573
"Calcagno, Francisco","Romualdo",novela,W986,nh0016,-,30800
"Mármol, José","Amalia",novela,W522,nh0017,-,231376
"Iglesia, Álvaro de la","Adoración",novela,W923,nh0018,-,44670
"Gamboa, Federico","¡Vendía Cerillos!",novela,W844,nh0019,-,16898
"Calcagno, Francisco","S. Y.",novela,W991,nh0020,-,26580
"Frías, Heriberto","Tomóchic",novela,W877,nh0022,-,61881
"Rabasa, Emilio","La bola",novela,W223,nh0023,-,38681
"Mansilla, Eduarda","El médico de San Luis",novela,W517,nh0024,-,41080
"Mansilla, Eduarda","Lucía Miranda",novela,W516,nh0025,-,71994
"Ancona, Eligio","La cruz y la espada",novela,W1184,nh0026,-,102735
"López Portillo y Rojas, José","La parcela",novela,W789,nh0036,-,90800
"Argerich, Juan Antonio","Inocentes o culpables",novela,W16,nh0038,-,76569
"Castellanos, Jesús","La Conjura",novela,W1000,nh0044,-,22991
"Ocantos, Carlos María","Don Perfecto",novela,W546,nh0048,-,64894
"Riva Palacio, Vicente","Martín Garatuza",novela,W263,nh0049,-,136380
"Cuéllar, José Tomás de","Ensalada de pollos",novela,W1125,nh0050,-,48747
"Barra, Emma de la","Stella",novela,W64,nh0051,-,100447
"Zayas Guarneros, Pablo","Herencias de bienes robados",novela,W34,nh0063,-,95614
"Díaz Covarrubias, Juan","Gil Gómez, el insurgente o la hija del médico",novela,W1069,nh0064,-,81575
"Díaz Covarrubias, Juan","La clase media",novela,W1068,nh0065,-,30551
"Martínez Villergas, Juan","La vida en el chaleco",novela,W686,nh0066,-,197895
"Frías, Heriberto","El último duelo",novela,W878,nh0067,-,51837
"Mateos, Juan Antonio","El cerro de las campanas",novela,W743,nh0069,-,213844
"Meza, Ramón","Don Aniceto el tendero",novela,W700,nh0070,-,41914
"Meza, Ramón","Últimas páginas",novela,W701,nh0071,-,36132
"Díaz Covarrubias, Juan","El diablo en México",novela,W1070,nh0073,-,17663
"Gamboa, Federico","Uno de tantos",novela,W843,nh0074,-,18177
"Delgado, Rafael","Historia vulgar",novela,W1066,nh0075,-,23172
"Zayas Guarneros, Pablo","Amor sublime",novela,W36,nh0077,-,120775
"Bunge, Carlos Octavio","La Novela de la Sangre",novela,W83,nh0081,-,79999
"Sierra O'Reilly, Justo","Un año en el hospital de San Lázaro",novela,W173,nh0085,-,133942
"Cané, Miguel","Esther",novela,W121,nh0087,-,17724
"Morante, Pedro G.","Grandezas",novela,W541,nh0088,-,56661
"Delgado, Rafael","Angelina",novela,W1064,nh0089,-,89231
"Payno, Manuel","Los bandidos de Río Frío",novela,W589,nh0090,-,217243
"Calcagno, Francisco","Don Enriquito",novela,W989,nh0091,-,26096
"Rivera y Río, José","La Virgen del Niágara",novela,W276,nh0092,-,115995
"Manso de Noronha, Juana Paula","Los misterios del Plata",novela,W521,nh0094,-,42919
"Manso de Noronha, Juana Paula","La familia del Comendador",novela,W520,nh0095,-,35977
"Mitre, Bartolomé","Soledad",novela,W536,nh0096,-,20992
"Rosas de Rivera, Mercedes","María de Montiel",novela,W918,nh0098,-,100570
"Gutiérrez Nájera, Manuel","Por dónde se sube al cielo",novela,W865,nh0099,-,33182
"Villaverde, Cirilo","Dos amores",novela,W49,nh0102,-,53230
"Zamacois, Niceto de","El mendigo de San Ángel",novela,W24,nh0103,-,330876
"Payno, Manuel","El hombre de la situación",novela,W588,nh0105,-,50534
"Sierra O'Reilly, Justo","La hija del judío",novela,W174,nh0106,-,195753
"Inclán, Luis Gonzaga","Astucia",novela,W820,nh0108,-,315998
"Morúa Delgado, Martín","Sofía",novela,W705,nh0109,-,58700
"Gorriti, Juana Manuela","Peregrinaciones de un alma triste",novela,W403,nh0110,-,42815
"Mateos, Juan Antonio","Los insurgentes",novela,W746,nh0111,-,148644
"Gómez de Avellaneda, Gertrudis","Sab",novela,W936,nh0113,-,53129
"Bobadilla, Emilio","A fuego lento",novela,W1016,nh0114,-,63807
"Gómez de Avellaneda, Gertrudis","Guatimozín, último emperador de Méjico",novela,W940,nh0115,-,130454
"Gómez de Avellaneda, Gertrudis","La velada del helecho o El donativo del diablo",novela,W945,nh0116,-,19566
"Gómez de Avellaneda, Gertrudis","Espatolino",novela,W939,nh0117,-,58341
"Villaverde, Cirilo","Cecilia Valdés o la Loma del Ángel",novela,W45,nh0118,-,182647
"Payno, Manuel","El fistol del diablo",novela,W587,nh0120,-,239353
"Suárez y Romero, Anselmo","Francisco",novela,W331,nh0121,-,36662
"Riva Palacio, Vicente","La vuelta de los muertos",novela,W267,nh0122,-,108815
"Gómez de Avellaneda, Gertrudis","El artista barquero o Los cuatro cinco de junio",novela,W944,nh0124,-,67902
"Riva Palacio, Vicente","Calvario y Tabor",novela,W262,nh0125,-,136311
"Cuéllar, José Tomás de","Los fuereños",novela,W1133,nh0129,-,25032
"Aguilar, Ventura","Otilia",novela,W3,nh0130,-,68468
"Cuéllar, José Tomás de","Baile y cochino",novela,W1131,nh0131,-,34925
"Otero, Rafael","Cecilia la Matancera",novela,W666,nh0132,-,60881
"Castera, Pedro","Querens",novela,W1099,nh0134,-,29604
"Zambrana y Vázquez, Antonio","El negro Francisco",novela,W38,nh0135,-,36604
"Malpica La-Barca, Domingo","En el cafetal",novela,W670,nh0137,-,96690
"Cuéllar, José Tomás de","Gabriel el cerrajero o las hijas de mi papá",novela,W1130,nh0138,-,56883
"Cuéllar, José Tomás de","Las gentes que son así",novela,W1129,nh0141,-,128841
"Olavarría y Ferrari, Enrique","El tálamo y la horca",novela,W239,nh0142,-,157266
"Olavarría y Ferrari, Enrique","Venganza y remordimiento",novela,W240,nh0143,-,151801
"Cuéllar, José Tomás de","Isolina la ex-figurante",novela,W1127,nh0144,-,69206
"Pichardo, Estebán","El fatalista",novela,W359,nh0147,-,73296
"Paz, Ireneo","Doña Marina",novela,W617,nh0149,-,188941
"Larrosa de Ansaldo, Lola","Los esposos",novela,W483,nh0150,-,36721
"Paz, Ireneo","La piedra del sacrificio",novela,W613,nh0156,-,110776
"Echáiz, Jesús","El paladín extranjero",novela,W1048,nh0158,-,103198
"Mateos, Juan Antonio","El sol de mayo",novela,W744,nh0159,-,178353
"Paz, Ireneo","Amor de viejo",novela,W615,nh0162,-,19325
"Morúa Delgado, Martín","La familia Unzúazu",novela,W706,nh0163,-,66897
"Piña, Ramón","Gerónimo el honrado",novela,W360,nh0167,-,85341
"Gómez de Avellaneda, Gertrudis","Dolores",novela,W941,nh0168,-,26730
"Larrosa de Ansaldo, Lola","El lujo",novela,W485,nh0172,-,39528
"Campos, Rubén M.","Claudio Oronoz",novela,W1085,nh0173,-,63347
"Rabasa, Emilio","El cuarto poder",novela,W225,nh0174,-,39206
"Olascoaga, Manuel J.","El sargento Claro, o la guerra de Chile",novela,W560,nh0176,-,49116
"Díaz Olazábal, Rodolfo","Buenos Aires cosmopolita",novela,W217,nh0177,-,32168
"Ancona, Eligio","El filibustero",novela,W1185,nh0180,-,101221
"Ancona, Eligio","Los mártires del Anáhuac",novela,W1186,nh0181,-,126730
"Ancona, Eligio","Memorias de un alférez",novela,W1189,nh0182,-,124274
"Rivera y Río, José","Los dramas de Nueva-York",novela,W273,nh0183,-,175143
"Almazán, José Pascual","Un hereje y un musulmán",novela,W646,nh0184,-,73430
"Pelliza de Sagasta, Josefina","Margarita",novela,W898,nh0195,-,69250
"Cuéllar, José Tomás de","Historia de Chucho el Ninfo",novela,W1126,nh0197,-,63808
"Rabasa, Emilio","La gran ciencia",novela,W224,nh0198,-,39710
"Varela, Luis Vicente","La huella del crimen",novela,W1254,nh0200,-,45322
"López Portillo y Rojas, José","Los precursores",novela,W790,nh0202,-,146259
"Riva Palacio, Vicente","Monja y casada, virgen y mártir",novela,W268,nh0203,-,144648
"Varela, Luis Vicente","Clemencia",novela,W1255,nh0206,-,49802
"Guerrero y Pallarés, Teodoro","Anatomía del corazón",novela,W967,nh0207,-,136402
"Sánchez Mármol, Manuel","Antón Pérez",novela,W162,nh0208,-,55622
"Sánchez Mármol, Manuel","Previvida",novela,W163,nh0209,-,38884
"Zayas Enríquez, Rafael de","El teniente de los gavilanes",novela,W32,nh0210,-,62052
"Sánchez Mármol, Manuel","Juanita Sousa",novela,W166,nh0212,-,32314
"Zentella, Arcadio","Perico",novela,W37,nh0214,-,22593
"Ancona, Eligio","La Mestiza",novela,W1188,nh0216,-,79401
"Méndez de Cuenca, Laura","El espejo de Amarilis",novela,W758,nh0217,-,180344
"Campo, Estanislao del","Camila o la virtud triunfante",novela,W120,nh0219,-,23008
"Puig y de la Puente, Francisco","La campana de la tarde; o, Vivir muriendo",novela,W345,nh0220,-,46047
"Iglesia, Álvaro de la","La alondra",novela,W925,nh0221,-,49828
"Mateos, Juan Antonio","Sacerdote y caudillo",novela,W745,nh0227,-,190317
"Guiteras y Font, Eusebio","Irene Albar",novela,W981,nh0228,-,40281
"Parra, Porfirio","Pacotillas",novela,W585,nh0232,-,138974
"Segale, Atenógenes","Auras de Abril",novela,W168,nh0233,-,27043
"Rivera y Río, José","Pobres y ricos de México",novela,W278,nh0234,-,75198
"Morales, Vicente","Gerardo",novela,W771,nh0236,-,55996
"Pizarro, Nicolás","La coqueta",novela,W645,nh0237,-,51132
"Castera Cortés, Pedro","Los maduros",novela,W1097,nh0240,-,17444
"Morales, Vicente","Silveria de Epinay",novela,W767,nh0241,-,24560
"Heredia, Nicolás","Un hombre de negocios",novela,W932,nh0242,-,42098
"Márquez, José de Jesús","Los Hermanos del Silencio",novela,W673,nh0243,-,27840
"Roa Bárcena, José María","La quinta modelo",novela,W284,nh0244,-,31596
"Guerrero y Pallarés, Teodoro","La nube negra",novela,W976,nh0245,-,41403
"Tovar, Pantaleón","Ironías de la vida",novela,W149,nh0246,-,206900
"Cabral, José Victoriano","Amelia de Floriani o el castillo del diablo",novela,W111,nh0247,-,172938
"Ochagavia, Margarita Rufina","Un ángel y un demonio, o el valor de un juramento",novela,W558,nh0250,-,23494
"Castillo, Florencio María del","Hermana de los ángeles",novela corta,W1103,nh0104,-,29672
"Zayas Enríquez, Rafael de","El teniente de los gavilanes",novela corta,W32,nh0210,-,62052
"Roa Bárcena, José María","La quinta modelo",novela corta,W284,nh0244,-,31596
"Alcorta, Amancio","Espinas de amor",novela,W8,-,112,21392
"Anónimo","El niño expósito",novela,W14,-,175,33425
"Arauz, Toribio","Aurora y Enrique, o sea La Guerra Civil",novela,W15,-,62,11842
"Astort, Antonio","El despotismo del oro",novela,W18,-,224,42784
"Zamacois, Niceto de","El Capítan Rossi",novela,W23,-,1346,257086
"Zayas Enríquez, Rafael de","Remordimiento",novela,W30,-,123,23493
"Zayas Enríquez, Rafael de","Oceánica",novela,W31,-,236,45076
"Zayas Enríquez, Rafael de","El teniente de los gavilanes",novela,W32,-,341,65131
"Zayas Guarneros, Pablo","Escenas populares",novela,W35,-,832,158912
"Villaverde, Cirilo","Teresa",novela,W44,-,93,17763
"Villaverde, Cirilo","El penitente",novela,W46,-,142,27122
"Villaverde, Cirilo","Comunidad de nombres y apellidos",novela,W47,-,63,12033
"Vinageras, Antonio","Enriqueta",novela,W53,-,247,47177
"Bahamonde, Manuel","Borrascas",novela,W57,-,346,66086
"Bahamonde, Manuel","Mareos",novela,W59,-,225,42975
"Barbará, Federico","El prisionero de Santos Lugares",novela,W61,-,192,36672
"Barra, Federico de la","La presidencia",novela,W65,-,116,22156
"Blanco, C. M.","Salvaje",novela,W77,-,159,30369
"Blanlot, Anselmo","¡Revolución!",novela,W78,-,436,83276
"Bunge, Carlos Octavio","Xarcas silenciario",novela,W84,-,251,47941
"Valle, Guillermo del","El Castillo de Lunel",novela,W90,-,64,12224
"Valle, Guillermo del","El Millón de Libras Esterlinas",novela,W91,-,128,24448
"Valle, Guillermo del","Los Imperiales",novela,W92,-,263,50233
"Valle de Santiesteban, J.","Los amantes de Udalla",novela,W95,-,230,43930
"Vázquez, Andrés Clemente","Enriqueta Fáber",novela,W97,-,261,49851
"Vélez, Ismael","Pancho Pérez",novela,W98,-,134,25594
"Vigil y Robles, José","El dinero",novela,W100,-,718,137138
"Villaseñor y Villaseñor, Alejandro","Memorias de un estudiante",novela,W107,-,478,91298
"Carballido, Pastor M.","Días sombríos",novela,W131,-,32,6112
"Castilla Aguilar, A.","Hogar sin fuego",novela,W132,-,88,16808
"Chiappori, Atilio Manuel","La eterna angustia",novela,W141,-,213,40683
"Ulloa, Ambrosio","Una auto-novela tapatía",novela,W146,-,206,39346
"Un Michoacano","Un bálsamo del dolor",novela,W147,-,164,31324
"Tovar, Pantaleón","La hora de Dios",novela,W150,-,260,49660
"Sánchez Arce, Abraham","¡Grito de independencia!",novela,W157,-,124,23684
"Sánchez Arce, Abraham","El ladrón de la casa de cambio",novela,W158,-,124,23684
"Sánchez Arce, Abraham","Misterios de un consultorio",novela,W159,-,124,23684
"Sánchez Arce, Abraham","Peregrinación de Juárez",novela,W161,-,124,23684
"Silva, Agapito","Clemencia",novela,W187,-,84,16044
"Sustaita, Alberto","Las Bolado",novela,W202,-,155,29605
"Sustaita, Alberto","El crimen del Pullman",novela,W203,-,155,29605
"Sustaita, Alberto","Mutilado",novela,W205,-,142,27122
"Daireaux, Godofredo","Las dos patrias",novela,W212,-,315,60165
"Díaz Olazábal, Rodolfo","El cadete del año 13",novela,W218,-,130,24830
"Ramírez, José María","Celeste",novela,W228,-,132,25212
"Ramírez, José María","Ellas y nosotros",novela,W229,-,212,40492
"Ramírez, José María","Gabriela",novela,W230,-,133,25403
"Ramírez, José María","Avelina",novela,W231,-,155,29605
"Ramírez, José María","Una rosa y un harapo",novela,W233,-,438,83658
"Ramírez Aparicio, Manuel","Agustín o la cura de almas",novela,W234,-,103,19673
"Olavarría y Ferrari, Enrique","La derrota de las Cruces",novela,W235,-,101,19291
"Olavarría y Ferrari, Enrique","La Virgen de los Remedios",novela,W236,-,107,20437
"Olavarría y Ferrari, Enrique","Las perlas de la reina Luisa",novela,W237,-,112,21392
"Olavarría y Ferrari, Enrique","El puente de Calderón",novela,W238,-,107,20437
"Olavarría y Ferrari, Enrique","Las norias de Baján",novela,W243,-,113,21583
"Olavarría y Ferrari, Enrique","La Virgen de Guadalupe",novela,W244,-,99,18909
"Olavarría y Ferrari, Enrique","La junta de Zitácuaro",novela,W245,-,103,19673
"Olavarría y Ferrari, Enrique","El treinta de julio",novela,W246,-,116,22156
"Olavarría y Ferrari, Enrique","El cura de Nucupétaro",novela,W250,-,111,21201
"Rey, Emilio","¡Amor de ángel!",novela,W260,-,65,12415
"Ríos, Juan Pablo de los","El oficial mayor",novela,W261,-,356,67996
"Riva Palacio, Vicente","Los piratas del golfo",novela,W264,-,608,116128
"Riva Palacio, Vicente","Las dos emparedadas",novela,W265,-,720,137520
"Riva Palacio, Vicente","Memorias de un impostor",novela,W266,-,598,114218
"Rivera y Río, José","Fatalidad y Providencia",novela,W270,-,805,153755
"Rivera y Río, José","Mártires y Verdugos",novela,W271,-,243,46413
"Rivera y Río, José","Las Tres Aventureras",novela,W272,-,806,153946
"Rivera y Río, José","El Hambre y el Oro",novela,W274,-,511,97601
"Rivera y Río, José","Esqueletos sociales",novela,W275,-,383,73153
"Rivera y Río, José","Memorias de Unos Náufragos",novela,W277,-,635,121285
"Rodríguez, Manuel Filomeno","Los asesinos del Dongo",novela,W287,-,839,160249
"Rodríguez Beltrán, Cayetano","Pajarito",novela,W288,-,796,152036
"Rodríguez Iglesia, Emilio","El crimen de los Tepames",novela,W296,-,142,27122
"Rojas, Francisco M.","Fray Sotana",novela,W297,-,183,34953
"Rojo García, Emilio","Jovita",novela,W300,-,128,24448
"Roldán, Eutimio","Querida del tío Toño",novela,W302,-,136,25976
"Roldán, Eutimio","Quetzal y Metztlixochitl",novela,W303,-,71,13561
"Roldán, Eutimio","Rosaura Muñoz",novela,W304,-,187,35717
"Ruanova, Francisco de pp.","El reformador de México",novela,W306,-,1593,304263
"Ruiz Álvarez, Eduardo","Historia de la Guerra de Intervención en Michoacán ",novela,W307,-,734,140194
"Quiroz, Bernhardino de Jesús","Siempre el bien y la virtud",novela,W309,-,36,6876
"Cartey, Guido Anatolio","Libertad",novela,W316,-,158,30178
"Fernández, E. G.","Hace un siglo",novela,W322,-,490,93590
"Teurbe Tolón y de la Guardia, Miguel","Lola Guara",novela,W328,-,69,13179
"Puig y de la Puente, Francisco","Lágrimas de un ángel",novela,W342,-,62,11842
"Puig y de la Puente, Francisco","Narciso López en Cárdenas",novela,W348,-,80,15280
"Piña y Blanco, Ramón","Historia de un bribón dichoso",novela,W362,-,402,76782
"Puig y Cárdenas, Félix","La Bella Loca",novela,W363,-,41,7831
"Puig y Cárdenas, Félix","Leoncia de Nancis",novela,W366,-,169,32279
"García Velloso, Enrique","Neurosis sentimental",novela,W380,-,110,21010
"Ghuiraldo, Alberto","La tiranía del frac",novela,W384,-,143,27313
"Gicca, Francisco","Ellas",novela,W387,-,224,42784
"Giraldes, Tomás N.","Vengador y suicida",novela,W388,-,104,19864
"Gómez, Eusebio F.","Angélica o una víctima de sus amores",novela,W389,-,72,13752
"Guillo, Francisco","La bandera del héroe",novela,W414,-,159,30369
"Guillo, Francisco","El combate de San Lorenzo",novela,W415,-,186,35526
"Guillo, Francisco","Conventillo de intelectuales",novela,W416,-,187,35717
"Guillo, Francisco","La corte de don Juan Manuel de Rosas",novela,W417,-,189,36099
"Guillo, Francisco","Dantón y los federales",novela,W418,-,186,35526
"Guillo, Francisco","La tragedia de Santos Lugares",novela,W419,-,200,38200
"Guillo, Francisco","Vidalita",novela,W420,-,189,36099
"Guindilla","Dos niñas hechiceras",novela,W421,-,18,3438
"Lannot, León","Paola, la hija del misionero",novela,W476,-,143,27313
"Larrain, Nicanor","El alma de Jesús Pérez, o la justicia del terror ",novela,W480,-,42,8022
"Larrosa de Ansaldo, Lola","¡Hija mía!",novela,W484,-,169,32279
"Loiseau, Ernesto O.","Hojas de mirto",novela,W490,-,105,20055
"López Torres, Francisco","La huérfana de Pago Largo",novela,W496,-,114,21774
"Marqués, Teodoro Y.","La tragedia de la vida",novela,W526,-,97,18527
"Martínez Zuviría, Gustavo","Pequeñas grandes almas",novela,W530,-,360,68760
"Nieves, Manuel María","Los mártires de Buenos Aires, o el tirano Juan Manuel Rosas ",novela,W543,-,568,108488
"Olascoaga, Manuel J.","El sargento Claro, o la guerra de Chile",novela,W560,-,249,47559
"Ortega, Enrique","Los casamientos del diablo",novela,W563,-,285,54435
"Ortega, Enrique","Justos y pecadores",novela,W566,-,274,52334
"Ortega, Enrique","Una hora menguada",novela,W567,-,269,51379
"Otamendi, Roque C.","El canto del cisne",novela,W568,-,313,59783
"Oteyza Bustamante, José","Un acontecimiento en Tucumán",novela,W569,-,25,4775
"Palacio, Manuel A. de","Los hijos de los porteros",novela,W572,-,162,30942
"Palacios, Florencio de","La púrpura de mi sangre",novela,W573,-,93,17763
"Palma y Palma, Eulogio","La hija de Tutul Xiu",novela,W575,-,462,88242
"Palma y Palma, Eulogio","Aventuras de un derrotado",novela,W576,-,136,25976
"Palomo, Francisco de Paula","Luisa o San Luis Potosí desde 1858 hasta 1860 ",novela,W577,-,352,67232
"Palomo, Francisco de Paula","Trabajos de Hércules",novela,W578,-,292,55772
"Paniagua, Flavio Antonio","Lágrimas del corazón",novela,W579,-,512,97792
"Pardo, Leonardo R.","La cárcel por dentro o secretos del antro ",novela,W584,-,128,24448
"Pastor, J. Miguel","Miseria y opulencia",novela,W586,-,334,63794
"Paz, Arturo","Consecuencias",novela,W607,-,74,14134
"Paz, Arturo","Perjura",novela,W612,-,208,39728
"Paz, Ireneo","Amor y Suplicio",novela,W614,-,609,116319
"Paz, Ireneo","Guadalupe",novela,W616,-,164,31324
"Peña y Troncoso, Gonzalo","Blanca, hija de la luz",novela,W631,-,351,67041
"Pérez, Gregorio","El ahorcado de 1848",novela,W637,-,95,18145
"Pinares, Lucio","De sangre azul",novela,W643,-,216,41256
"Pizarro, Nicolás","El monedero",novela,W644,-,627,119757
"Portillo, Miguel","El alma en pena",novela,W651,-,29,5539
"Portillo, Miguel","Batallas de amor",novela,W653,-,255,48705
"Olaguíbel, Francisco M. de","¡Pobre bebé!",novela,W655,-,96,18336
"Ortiz, Fernando","El caballero encantado y la moza esquiva ",novela,W665,-,268,51188
"Millán, José Agustín","Memorias de una viuda",novela,W703,-,198,37818
"Negrete, José","La niña mártir",novela,W710,-,129,24639
"Negrete, José","La mujer verdugo",novela,W711,-,139,26549
"Gante, Carlos de Peña, Ignacio A. de la Frausto, Ramón Jácome, Luis E. Correa, Agustín Torremocha, Ricardo pp. Villaseñor, Manuel E. Bermejo, Manuel M.","Nox mentis",novela,W719,-,52,9932
"Maldonado, Alfonso M.","Obras del Licenciado Alfonso M. Maldonado ",novela,W730,-,684,130644
"Maldonado, Alfonso M.","Julián",novela,W733,-,63,12033
"Martínez de Castro, Manuel","Julia",novela,W735,-,860,164260
"Mateos, Juan Antonio","Sor Angélica",novela,W747,-,316,60356
"Mateos, Juan Antonio","Los dramas de México",novela,W748,-,589,112499
"Mateos, Juan Antonio","Memorias de un guerrillero",novela,W749,-,507,96837
"Mateos, Juan Antonio","Las olas altas",novela,W750,-,285,54435
"Mateos, Juan Antonio","La baja marea",novela,W751,-,299,57109
"Mateos, Juan Antonio","El vendedor de periódicos",novela,W752,-,294,56154
"Mateos, Juan Antonio","Las olas muertas",novela,W753,-,314,59974
"Mateos, Juan Antonio","Sangre de niños",novela,W754,-,134,25594
"Mateos, Juan Antonio","Sepulcros blanqueados",novela,W755,-,320,61120
"Mejía, Demetrio","Entre el amor y la patria",novela,W757,-,552,105432
"Merino, Manuel","Juana Santa Anna",novela,W764,-,242,46222
"Merino, Manuel","Ruta",novela,W765,-,235,44885
"Morales, Vicente","Gentes de historia",novela,W769,-,321,61311
"Morales, Vicente","El escéptico",novela,W772,-,427,81557
"Moreno, Antonio de pp.","Un corazón en un libro",novela,W774,-,111,21201
"Moreno, Antonio de pp.","Ecos de ultratumba o epílogo de un drama ",novela,W775,-,44,8404
"Larráinzar, Enriqueta Larráinzar, Ernestina","Misterios del corazón",novela,W782,-,288,55008
"Larráinzar, Enriqueta Larráinzar, Ernestina","¡Sonrisas y lágrimas!",novela,W783,-,600,114600
"Leduc, Alberto","Un calvario",novela,W785,-,68,12988
"Leduc, Alberto","María del Consuelo",novela,W786,-,39,7449
"Lombardo, Alberto","Hidalgo",novela,W787,-,175,33425
"Lombardo, Alberto","Morelos",novela,W788,-,274,52334
"Lozada, Enrique","Celeste",novela,W817,-,369,70479
"Llanas, Pedro L.","Caridad y recompensa",novela,W818,-,272,51952
"Jens, Federico Carlos","De la muerte a la vida",novela,W819,-,24,4584
"Gallardo, Aurelio Luis","Adah o el amor de un ángel",novela,W833,-,294,56154
"García González, Francisco","Belén por dentro",novela,W848,-,266,50806
"González Peña, Carlos","De noche",novela,W858,-,228,43548
"González Peña, Carlos","La chiquilla",novela,W859,-,394,75254
"González Peña, Carlos","La musa bohemia",novela,W860,-,286,54626
"Goyc, Juan","Vicio heroico y virtud criminal",novela,W861,-,232,44312
"Gutiérrez de Lara, Lázaro","Los bribones",novela,W863,-,207,39537
"Fernández Serrano, Tomás","El robo al banco minero",novela,W870,-,191,36481
"Flores Villar, Mariano","La línea curva",novela,W874,-,174,33234
"Flores Villar, Mariano","La conquista de un dogal",novela,W875,-,135,25785
"Flores Villar, Mariano","Electra",novela,W876,-,270,51570
"Frías y Soto, Hilarión","Vulcano",novela,W881,-,55,10505
"Fuentes, Julio","Estella",novela,W882,-,135,25785
"Paz, Carlos Luis","¡Santa y mártir de veinte años!",novela,W892,-,46,8786
"Pearson, Isaac R.","El triunfo del siglo",novela,W895,-,356,67996
"Pelliza de Sagasta, Josefina","La chiriguana",novela,W897,-,29,5539
"Pérez y Pérez, Manuel","El gobierno Rodriguista",novela,W900,-,360,68760
"Pérez y Pérez, Manuel","La Revolución Malezalera",novela,W901,-,354,67614
"Quiroga, Guillermo","Una sanjuanina, o sea Carolina",novela,W906,-,18,3438
"Rivero, Amaranto T.","Guantes blancos y conciencias negras",novela,W913,-,95,18145
"Iglesia, Álvaro de la","Una boda sangrienta; o, El fantasma de San Lázaro ",novela,W927,-,432,82512
"Iglesia, Álvaro de la","La bruja de Atarés; o, Los bandidos de La Habana ",novela,W929,-,171,32661
"Gómez de Avellaneda, Gertrudis","La baronesa de Joux",novela,W938,-,424,80984
"González del Valle, José Zacarías","Luisa",novela,W949,-,100,19100
"Guerrero Pallarés, Teodoro","El escabel de la fortuna",novela,W977,-,275,52525
"Calcagno, Francisco","El emisario",novela,W990,-,131,25021
"Carrión, Miguel de","El milagro",novela,W999,-,385,73535
"Castellanos, Jesús","Una heroina",novela,W1002,-,84,16044
"Castellanos, Jesús","Cabeza de familia",novela,W1003,-,35,6685
"Balmaseda, Francisco Javier","Los ebrios; o, La familia de Juan Candaya ",novela,W1012,-,255,48705
"Balmaseda, Francisco Javier","Clementina",novela,W1013,-,401,76591
"Aramburu, Joaquín N.","Un detallista feliz",novela,W1029,-,196,37436
"Armas y Céspedes, José de","Frasquito",novela,W1030,-,377,72007
"Auber de Noya, Virginia Felicia","Úrsula",novela,W1038,-,259,49469
"Auber de Noya, Virginia Felicia","Otros tiempos",novela,W1042,-,305,58255
"Echáiz, Jesús","La envenenadora",novela,W1049,-,616,117656
"Elízaga, Lorenzo","Mauricio el ajusticiado o una persecución masónica ",novela,W1050,-,523,99893
"Esteva, José María","La campana de la misión",novela,W1055,-,306,58446
"Esteva, Roberto A.","Una mujer sin corazón",novela,W1056,-,22,4202
"Esteva, Roberto A.","El fruto prohibido",novela,W1059,-,84,16044
"Didapp, Juan Pedro","Proceso",novela,W1072,-,846,161586
"Calderón, Luis","Los novios",novela,W1079,-,270,51570
"Candelas, El tío","Los dos amantes o la venganza del rey",novela,W1086,-,160,30560
"Carrillo, Álvaro","Xochitl, La reina azteca",novela,W1087,-,1751,334441
"Castillo, I. D. del","La prostitución o consecuencias de un mal ejemplo ",novela,W1106,-,131,25021
"Castrejón, Eduardo A.","Los cuarenta y uno",novela,W1111,-,167,31897
"Castro, Juan S.","Fray Antonio de la Concepción",novela,W1112,-,71,13561
"Ceniceros y Villarreal, Rafael","La siega",novela,W1116,-,290,55390
"Ceniceros y Villarreal, Rafael","El hombre nuevo",novela,W1117,-,237,45267
"Cordero, Juan N.","Inri",novela,W1118,-,494,94354
"Cuéllar, José Tomás de","El Pecado del Siglo",novela,W1124,-,580,110780
"Cuéllar, José Tomás de","Las jamonas",novela,W1128,-,351,67041
"Cuéllar, José Tomás de","La noche buena",novela,W1134,-,82,15662
"Curtis, Carlos Daniel","Mirtilo",novela,W1139,-,178,33998
"Balbontín, Manuel","Inés",novela,W1145,-,152,29032
"Balbontín, Manuel","Tulitas la Pelona",novela,W1146,-,88,16808
"Barragán de Toscano, Refugio","Premio del Bien y Castigo del Mal",novela,W1147,-,134,25594
"Barragán de Toscano, Refugio","La Hija del Bandido o los Subterráneos del Nevado ",novela,W1148,-,301,57491
"Barrera, Pantaleón","Los Misterios de Chan Santa Cruz",novela,W1149,-,144,27504
"Blanco, Manuel","El Capitán Armando",novela,W1166,-,703,134273
"Blanco, Manuel","El Secreto de una Crónica",novela,W1167,-,560,106960
"Alegría, Adolfo Isaac","La Luz en las tinieblas",novela,W1172,-,98,18718
"Alegría, Adolfo Isaac","El libro de Satanás",novela,W1173,-,292,55772
"Alva, Manuel","La Trinitaria",novela,W1182,-,41,7831
"Ancona, Eligio","El Conde de Peñalva",novela,W1187,-,439,83849
"anónimo","El Licenciado D. Tadeo Cristóbal",novela,W1192,-,38,7258
"anónimo","La Venganza de los Difuntos",novela,W1193,-,96,18336
"anónimo","Las Botitas de María",novela,W1195,-,74,14134
"anónimo","Dn. Braulio",novela,W1196,-,175,33425
"Arriaga, Alberto F.","Una Cana al Aire",novela,W1200,-,121,23111
"Arriaga, Alberto F.","Lances de Amor",novela,W1201,-,320,61120
"Avendaño de Pérez de León, Jacoba","Los Plagiarios",novela,W1211,-,351,67041
"Saavedra, Osvaldo","Grandezas chicas",novela,W1219,-,282,53862
"Solari, Benjamin T.","El país de los pinares",novela,W1235,-,144,27504
"Sorda, Lima","El sol que nace y el sol que se pone",novela,W1236,-,225,42975
"Pélissot, Felisberto","Camila O'Gorman",novela,W1240,-,251,47941
"Ugarte, Manuel","La novela de las horas y de los días",novela,W1249,-,232,44312
"Urraco, Antonio","Los abrojos de una flor, o el desengaño",novela,W1252,-,128,24448
"Pardo Pimentel, Nicolás","Matilde o una víctima",novela,W1287,-,38,7258
"Torrado y Quiroga, Ramón","Estephoro el Pirata",novela,W1288,-,80,15280
"una Señorita cubana","Elena y Ricardo",novela,W1289,-,200,38200
"Enríquez, Juan M.","Escenas de la vida andaluza",novela,W1292,-,96,18336
"Lanuza, Cayetano","El Calcalista",novela,W1293,-,184,35144
"Bunge, Carlos Octavio","La madrina de Lita",novela corta,W85,-,24,4584
"Bunge, Carlos Octavio","El último grande de España",novela corta,W86,-,34,6494
"Bunge, Carlos Octavio","El capitán Pérez",novela corta,W87,-,53,10123
"Rodríguez Galván, Ignacio","La hija del oidor",novela corta,W290,-,23,4393
"Rodríguez Galván, Ignacio","Manolito el Pisaverde",novela corta,W291,-,41,7831
"Rodríguez Galván, Ignacio","La procesión",novela corta,W292,-,55,10505
"Rodríguez Galván, Ignacio","Tras un mal vienen ciento",novela corta,W293,-,49,9359
"Rodríguez Galván, Ignacio","El visitador",novela corta,W294,-,20,3820
"Franquelo, Carlos","La amante del muerto",novela corta,W325,-,26,4966
"Rodríguez Émbil, Luis","Gil Luna, artista",novela corta,W334,-,56,10696
"Rodríguez Émbil, Luis","El velo de la diosa",novela corta,W335,-,31,5921
"Labastié, Luis","El cuento del tío",novela corta,W473,-,22,4202
"Lavalle Cobo, Jorge","Voces perdidas",novela corta,W487,-,206,39346
"Pacheco, J. R.","El criollo",novela corta,W570,-,43,8213
"Payno, Manuel","María",novela corta,W590,-,28,5348
"Payno, Manuel","El doctor",novela corta,W591,-,16,3056
"Payno, Manuel","La víspera y el día de una boda",novela corta,W592,-,32,6112
"Payno, Manuel","¡¡Loca!!",novela corta,W593,-,39,7449
"Payno, Manuel","El Monte Virgen",novela corta,W594,-,32,6112
"Payno, Manuel","Pepita",novela corta,W595,-,34,6494
"Payno, Manuel","Alberto y Teresa",novela corta,W596,-,20,3820
"Payno, Manuel","La Esposa del Insurgente",novela corta,W597,-,33,6303
"Payno, Manuel","Aventura de un Veterano",novela corta,W598,-,46,8786
"Payno, Manuel","El Lucero de Málaga",novela corta,W599,-,36,6876
"Payno, Manuel","El Cura y la Ópera",novela corta,W600,-,24,4584
"Payno, Manuel","El Rosario de Concha Nácar",novela corta,W601,-,58,11078
"Payno, Manuel","Trinidad de Juárez",novela corta,W602,-,43,8213
"Pesado, José Joaquín","El inquisidor de México",novela corta,W641,-,43,8213
"Pesado, José Joaquín","El amor frustrado",novela corta,W642,-,40,7640
"Navarro, Mariano","Ángela",novela corta,W709,-,26,4966
"Lacunza, José María","Netzula",novela corta,W780,-,41,7831
"López Portillo y Rojas, José","Nieves",novela corta,W791,-,133,25403
"López Portillo y Rojas, José","El primer amor",novela corta,W792,-,161,30751
"López Portillo y Rojas, José","El Espejo",novela corta,W793,-,41,7831
"López Portillo y Rojas, José","En Diligencia",novela corta,W794,-,47,8977
"López Portillo y Rojas, José","Adalinda",novela corta,W795,-,21,4011
"López Portillo y Rojas, José","El Arpa",novela corta,W796,-,31,5921
"López Portillo y Rojas, José","Un Pacto con el Diablo",novela corta,W797,-,33,6303
"López Portillo y Rojas, José","La Fuga",novela corta,W798,-,63,12033
"López Portillo y Rojas, José","El Brazalete",novela corta,W799,-,29,5539
"López Portillo y Rojas, José","La Suerte del Bueno",novela corta,W800,-,12,2292
"López Portillo y Rojas, José","El proscripto",novela corta,W801,-,29,5539
"López Portillo y Rojas, José","El rector y el colegial",novela corta,W802,-,19,3629
"López Portillo y Rojas, José","Pía",novela corta,W803,-,21,4011
"López Portillo y Rojas, José","Luz de rayo",novela corta,W804,-,17,3247
"López Portillo y Rojas, José","Sor María Margarita",novela corta,W805,-,25,4775
"López Portillo y Rojas, José","La horma de su zapato",novela corta,W806,-,29,5539
"López Portillo y Rojas, José","El dolor y la honra",novela corta,W807,-,32,6112
"López Portillo y Rojas, José","Egoísmo trágico",novela corta,W808,-,83,15853
"López Portillo y Rojas, José","El billete de lotería",novela corta,W809,-,40,7640
"López Portillo y Rojas, José","El pro y el contra",novela corta,W810,-,89,16999
"López Portillo y Rojas, José","Un drama de tres horas",novela corta,W811,-,66,12606
"López Portillo y Rojas, José","Tres desenlaces ilógicos",novela corta,W812,-,27,5157
"López Portillo y Rojas, José","Tres desenlaces ilógicos",novela corta,W813,-,21,4011
"López Portillo y Rojas, José","Tres desenlaces ilógicos",novela corta,W814,-,50,9550
"Castellanos, Jesús","La manigua sentimental",novela corta,W1001,-,20,3820
"Castillo, Florencio M. del","Amor y desgracia",novela corta,W1100,-,55,10505
"Castillo, Florencio M. del","La corona de azucenas",novela corta,W1101,-,74,14134
"Castillo, Florencio M. del","¡Hasta el cielo!",novela corta,W1102,-,57,10887
"Castillo, Florencio M. del","Dos horas en el Hospital de San Andrés",novela corta,W1104,-,48,9168
"Castillo, Florencio M. del","Culpa",novela corta,W1105,-,64,12224
"Covarrubias y Acevedo, Manuel","La Capilla de los Alamos",novela corta,W1120,-,123,23493