0	0,05	v_d instante corazón doctor sitio palabra alma vista sentimiento idea objeto pecho esperanza felicidad placer duda rostro manera amor pena virtud flor desgracia puerta ser cuaderno mendigo gracia pensamiento fortuna juego temor sociedad inocencia pieza calle lado embargo tierra acento semblante deseo bien miseria protector fisonomía desgraciado coche honra amante 
1	0,05	indio español tierra cacique conquistador gobernador palacio capitán oro corte rey lugar tribu gente ciudad tesorero arma conquista lado merced expedición noticia reino voz riqueza cortés caballero princesa raza tesoro orden religión compañero marina trabajo brazo cristiano comitiva lanza testigo palabra enemigo espada entrada año gracia camino pluma habitación castellano 
2	0,05	convento fraile monje fray celda claustro sor religioso abadesa hábito hereje puerta novicio comunidad año franciscano orden coro voz papel obispo pecado superiora capellán voto sacerdote alma monasterio lugar regla herejía espíritu lego religión conciencia anciano paternidad portería colegio confesor arzobispo santo voluntad causa confesión fe profesión asilo rosario patio 
3	0,05	caballo camino hacienda pueblo animal árbol jinete campo lugar tierra compadre lado pie cabeza perro rancho amo distancia gente mozo vista marcha agua terreno legua muchacho orden dirección monte viajero compañero rumbo ruido bosque viaje efecto mulo año mañana voz trabajo rienda tarde partida galope silla montaña carrera río suelo 
4	0,05	viudo abogado embargo viuda muchacho bobo extremo instante presencia ciudad esposo marido muerto suerte banquero grupo zaguán luto paseo cajón cerebro muerte menudo calle trabajo cuerpo cochero atención anciano dinero acto escuela existencia coche desgracia p_a caballero tono sociedad edad amo tachero frente tenia vano auxilio ingenio jefe administración criado 
5	0,05	caballo paisano gaucho partida gente pulpería soldado daga alcalde cabeza manera sargento puerta guitarra trabuco golpe rancho sable arma puñalada mirada voz justicia compadre prenda cuerpo camino cintura teniente baile partido bandido corazón campo mazorca campaña pico quinta muerte lado lucha valor boca capitán ira semblante orden diablo policía plata 
6	0,05	silencio rostro grupo montonera partida godo sable plateados pie jefe sargento instante hombres cumbre champaña coñac ambiente miedo oro sol fondo bandidos masa guerra población río haciendas licenciado capitán patria plata señores bigote riesgo barba nariz matorral caudillo angustia maturrangos cobarde montonero monte carne nieve azahares chifle sudor mulo lástima 
7	0,05	duelo padrino pistola dinero filósofo lance honor caballero embargo arma efecto avaro razón perro motivo historia desafío adversario fortuna do palabra duro chaleco casualidad papel testigo contrario cabra barón prueba cajero comerciante sitio palo valor artista criado boda siglo puerta cabeza ostra pintor diablo doncella ocasión peligro corazón tierra bala 
8	0,05	carruaje coche viaje cochero ciudad tren camino calle hotel caballo viajero inglés pasajero diligencia portezuela carta asiento estación lado paseo palabra capital cuarto criado vehículo luz plaza caballero compañero pañuelo equipaje marcha pescante lacayo maleta teatro campo curiosidad puerta mañana brazo estado extranjero puente mirada gente sueño retrato reloj multitud 
9	0,05	mayordomo calle puerta vista sala sacerdote pensamiento viudo desgracia ama crimen gabinete dinero recámara boca poeta mal bandido diablo lado mesa luz manera hipócrita balcón esquina plazuela criatura bien papel morena criado sofá oro llave escalera frente cólera anciano pie campana suelo coche comadre vivienda circunstancia estado vuelta fisonomía infierno 
10	0,05	estudiante emperador francés caballero diplomático negocio guerrillero imperio archiduque palabra emperatriz aposento porvenir ministro trono nación existencia ciudad frente monarquía novio puerta ejército corte cuestión dama esposo silencio año situación amor salón oro aliento luz sombra sueño señorito política cariño tumba voz tertulia intervención horizonte golpe corazón broma guardia historia 
11	0,05	periódico artículo calle papel secretario mesa oficina pluma diputado licenciado periodista palabra despacho muchacho cara abogado jefe gobernador asunto voz escribiente párrafo cabeza estudiante talento ministro redacción carta cuarto escritor empleo expediente director trabajo cólera imaginación sueldo gesto frase negocio idea puesto prensa compañero empleado lectura miedo rato diario sombrero 
12	0,05	negro esclavo amo ingenio finca mulato mayoral campo caña azúcar blanco castigo ama esclavitud cafetal perro calesero raza color machete negros odio vivienda ocasión trabajo criollo menudo bohío látigo sangre corredor cabeza año café alma lector cuero esclavos tabaco carácter cura batey trapiche compañero falta cepo isla siervo época enfermería 
13	0,05	sacristán cura escuela muchacho pueblo tienda barrio voz forastero iglesia grado sol cara sacerdote portal plaza lado distrito misa chico maestro libro sombrero cabeza coro papel duda mozo agua puerta suerte mañana rostro sala alcoba herrería villa instrucción catedral plazuela asiento libros corro curato andar camisa calle viajero admiración lluvia 
14	0,05	clérigo muchacho canónigo alma ciudad mancebo mozo huérfano ebanista chico tío fiesta escuela razón dinero corredor casita capitalista ayuda anciano doctor misa patio gente ceguezuela altar duda dama sacerdote mesa regidor angelino gusto tienda doncella gloria aroma cielo asunto sombrero peso hermosura sol botica ordinario lluvia hacienda fastidio flor lista 
15	0,05	hospital excelencia embargo sitio sepulturero duda lazarino carta corazón capellán amo efecto pirata doctor esperanza especie mal vista italiano infeliz consuelo historia desgracia suceso policía impresión criatura tierra instante víctima objeto miseria silencio situación crimen agente alma enfermedad cielo sociedad aposento existencia hacienda bandido extranjero motivo amargura suerte conducta indulto 
16	0,05	posadero posada virrey barón habitación oro dinero muchacho castillo piloto año mancebo talego gente vista fortuna compadre vino camino honradez ganadero país velada huésped tenia embargo duda mesa muestra capital cafetal doncella historia cabeza pleito chico plata humanidad esperanza continuo lugar negocio viento polizón gobernador personaje verdá pagaré litigio baúl 
17	0,05	juez policía comisario agente barón asesino cadáver sangre crimen aldeano cabeza herida instrucción magistrado prueba compañero embargo bosque manera bolsillo médico rostro pie cuerpo matador tierra papel dirección inocencia lado justicia emoción orden declaración víctima carta pieza huella asesinato preso mancha ley deber razón examen lugar escribano investigación testigo convicción 
18	0,05	rastro asesino gaucho pie rastreador tío vaquero p_a vereda suelo mozo camino miedo asesinato p_o amo payador muchacho aparcero cara sangre morenciano rumbo voz tapia bota herida cabeza campo ai pecho pisada sonrisa raza guitarra seguridad acequia peso prima fuerza maíz peón gauchito capataz pista alma daga duda grito jefe 
19	0,05	madama calle aldea cabeza chico puerta misa abuela patrón licenciado hospital aire abuelo aserradero persiana hermana vajilla camino carne pam cabo secretario catedrático cama piel vecino patio ropa iglesia obrador plancha misia mesa corralón billete dinero pieza pueblo tierra alcoba corazón trabajo ciudad miedo mister invierno idea pared fuerza gusto 
20	0,05	espíritu gato alma imagen médico materia luz planeta cuerpo amo fuerza palabra cadena mar genio tierra espíritus naturaleza memoria embargo recuerdo torbellino superficie espacio forma sombra disco sentidos hemisferio cerebro recuerdos idea manera muías fenómeno centro espíritu-imagen distancia átomo sueño éter trabajo búho sol caña rayo resplandor ser longitud faja 
21	0,05	país calle gente oro plaza viento negocios sociedad cielo ciudad lluvia bigote cochero movimiento coche acciones calles pasajeros aspecto atmósfera gobierno miseria paraguas sangre corazón vereda empresa suelo partes bolsa casas niebla salón rueda acción paredes coches energía negocio talento propósito mirada luz tranvías círculo cara hacendado tono estómago pobreza 
22	0,05	gobierno pueblo ministro guerra país revolución poder partido presidente jefe orden política autoridad fuerza ley plan arma provincia ejército patria gobernador palabra gente noticia nación libertad tropa capital derecho año diputado elemento opinión general ciudad enemigo campaña papel mando situación triunfo mes secretario voz carta paz decreto acto causa voluntad 
23	0,05	tienda mostrador tendero establecimiento socio dependiente par marchante ciudad muchacho sastre mesa género calle tarde trastienda asiático papel letrero puerta ropa sociedad gas gente calidad rayo luz muchacha gesto escalera mercader traje cedro dependientes pieza línea matrimonio mar acera hombro parque precio cuarto lado tela taller peso plaza carácter negro 
24	0,05	sargento guerra ejército soldados paz hombres cordillera país lado quebrada línea camisa soldado campamento jefes cama causa comandante ejércitos año campaña rosas cuerpos corazón falda batalla pueblos jefe fuerzas general pueblo montoneros armas alcalde provincias tierra cabo cerro cuerpo gruta filas lord comisario fuerza caudillos patriota patria camino ciudad tropas 
25	0,05	misia escuela duda mozo tienda doctor chico santo calle alma cielo corazón lengua miedo alcoba sueño plaza dama espejo marido boca ventana abuelo muerte pelo vergüenza sol respuesta historia brujo misa visita cuento acera libro diablo tarde ocasión amo tonto salud pie criado esquina cocina pregunta curiosidad paz iglesia dedo 
26	0,05	gallo guajiro pelea río potrero valla machete pueblo amor agua fruto criollo naturaleza dinero pie perro sitio palma gallos embargo yagua campo partido peso ingeniero potro gallero cocina especie ciudad palabra café pañuelo plátano árbol comarca honor oro autor traje amol isla color taburete techo guano loma pata patio bosque 
27	0,05	mesa esqueleto estudiante patio papel comedor viento cráneo hijos estudio olor huesos escritorio veces hijas recuerdos madera hermanas recuerdo libros médico bolsa paredes armario páginas aposento retrato caoba cuarto trabajo amigos novela años ramas leña cadáver perfume torre gato hueso pluma fuego túmulo flores cuadros peso caja marco cartas chimenea 
28	0,05	mar costa playa agua oro cutter ola vista compañero fondo canal tierra cara especie peñasco puerto lobo arena inglés viento cuero caleta pescador camino región población lobero ballena minero espuma pesca espíritu viaje superficie punta lado clase snap arroyo oleaje barco entrada alma islote cangrejo botella pez atención carga tiburón 
29	0,05	príncipe dios español princesa emperador sacerdote palacio extranjero pueblo guerrero rey instante ciudad monarca palabra enemigo país cabeza templo ejército imperio voz guerra sangre trono soldado patria embajador plaza arma mirada semblante soberano jefe brazo sacrificio piedra valor esclavo labio tierra noble anciano objeto habitación vasallo número embargo capitán pecho 
30	0,05	color oro cabeza traje brazo seda flor luz espejo pie mesa puerta salón sala labio cristal cabello rostro cuello sillón cuadro silla sofá rosa lado frente sombrero mueble pared mirada alfombra mármol plata cuerpo forma reloj lujo habitación terciopelo sonrisa bronce tela mejilla encaje caballero beso dedo tocador alcoba cara 
31	0,05	v_d país negocio tenia carta teatro h_u amante sociedad manera aventura criatura semana posición bailarín calle gusto libertino necesidad fortuna billete visita imaginación ciudad sílfide asunto caballero obra par situación personaje astrólogo orden alemán recurso mañana vds lugar cuarto entrevista educación falta esposo embargo licorero atención moda motivo héroe carruaje 
32	0,05	soldado enemigo fuego fuerza plaza jefe tropa columna cañón arma fusil campo orden combate ataque francés cuerpo bala artillería tiro ciudad batallón capitán cerro cuartel ejército general grupo línea teniente campamento sitio coronel número herido posición pieza tierra guerra camino sangre descarga bandera batería marcha movimiento defensa caballería bayoneta lado 
33	0,05	esclavo dios instante sitio ciudad pieza calle sacerdote templo edificio do lado puerta tenia vista estatua gladiador columna palabra ceniza oro pintura virtud mármol pared pórtico amo piedra multitud pueblo agua rostro tierra anfiteatro placer entrada bronce forma belleza riqueza primo embargo romano número manera vino jardín efecto cabeza grada 
34	0,05	mar buque agua puerto capitán tierra costa bote marinero ola muelle viento viaje vela embarcación cubierta marino playa vista barco inglés isla lancha nave popa orilla vapor ciudad gente pasajero navío peligro rumbo grupo proa goleta canal duda río bahía remo castillo distancia palo horizonte tripulación aire pirata brazo sol 
35	0,05	año asunto carácter atención mirada ocasión vista gusto efecto conversación idea edad objeto sociedad modo forma gracia relación deseo propósito lado circunstancia manera aire fortuna costumbre personaje movimiento aspecto presencia salón dama motivo interés época belleza especie título posición visita condición palabra duda hecho talento satisfacción libro opinión ánimo asiento 
36	0,05	años amigos hombres veces carácter año cosas personas días país tierra época palabras embargo manera hijos trabajo palabra manos edad espíritu tiempos pueblo modo padres ciudad hija patria negocios recursos principio gentes historia falta hechos motivo costumbre poder voluntad fortuna circunstancias pueblos dinero ideas justicia inteligencia medios ojos meses armas 
37	0,05	escuela doctor calle duda i_l misia est clase e_t francés muchacho vous p_as papel autoridad prueba ce n_e triunfo cara moda palabra monitor baile ministro pueblo mal et chacra voluntad frase il apellido patio orden fuerza golpe candidato oro t_out menudo capital costumbre duelo amor embargo qu villa suma pluma 
38	0,05	idea pasión espíritu alma forma fuerza pensamiento ser amor cerebro belleza sentimiento mina celo mirada voluntad trabajo frase existencia deseo estudio corazón color luz conciencia naturaleza atmósfera brillo inteligencia recuerdo inspiración hermosura movimiento modo razón creación lucha sensación imaginación piedra arte acción ideas sangre voluptuosidad expresión sueño pupila fiebre riqueza 
39	0,05	ejército soldado sangre patria pueblo muerte capitán campo enemigo insurgente ciudad batalla corazón combate arma revolución libertad héroe guerra independencia gloria victoria caudillo caballo bandera orden general español destino espada prisionero cadáver frente triunfo silencio alma valor entusiasmo montaña tropa historia jefe lucha cielo compañero vencedor multitud sombra derrota capital 
40	0,05	estancia campo caballo rancho gaucho capataz peón patrón muchacho mate cocina vaca paja palenque viento pieza vista guitarra tierra monte animal corral tranquera pampa potro sol establecimiento asiento techo silencio suelo peones fogón boca dueño corazón pañuelo arroyo pago chino pajonal oveja majada campaña rodeo pluma pueblo mocetón derecha galope 
41	0,05	playa guitarra ojos idioma mar tía mañana aguas aire palabra guerra rostro caballero costa berlinés hijos muchacho oro pueblo voz miembros vela moneda orilla esclava españoles instante olas señores río viaje covacha mirada especie distancia suelo indios sesión pana malicia idea raza tarde corazón camisa cacique norte grupo tierra temor 
42	0,05	pueblo carácter hermana ciudad alma anciano molino trabajo vuelta luz alegría tío hijas casita cariño árboles huerta distancia belleza huésped campo rostro sol flor felicidad hogar mente lugar imaginación semblante veces comida mesa corral año embargo ocasión placer flores llegada idea gente sombra pan novelas conversación compañero puerta lectura influencia 
43	0,05	doctor muerte agua merced país espíritu tierra viaje conversación ciencia té mal aire estudio criado placer juventud año amo ciudad ausencia historia patria recuerdo existencia motivo compañero salud viajero velo valor color maestro palma pensamiento vino edad estación música indicación afecto dolencia esperanza cielo necesidad saber enferma profesión hacienda causa 
44	0,05	puerta calle señoría brujo oidor dama virrey inquisidor bachiller merced negro negocio ciudad aposento lacayo lado alguacil palacio rostro sombrero espada caballero luz especie mesa tarde oro orden estancia sitial año lugar secreto noticia justicia amor fe mulato carta tormento licenciado razón escribano gente desgracia traje anciano convento clérigo visitador 
45	0,05	carta mamá corazón año muchacho amor señorito papá palabra cariño tío visita criado mes novio gusto alma prima primo tarde lágrima libro calle papel sala mesa tristeza retrato deseo pena gracia pensamiento cuarto balcón paseo razón mañana rato noticia comedor modo idea trabajo edad colegio recuerdo beso conversación vuelta viaje 
46	0,05	cura iglesia sacerdote templo altar misa pueblo fiesta oración gente campana capilla calle procesión ciudad voz ceremonia santo imagen sacristán religión alma oro multitud lugar luz obra obispo año plaza nave gracia atrio fe idea sacristía plata parroquia maestro devoción torre culto sermón pie camino fiel libro cera música coro 
47	0,05	león calle comedor lisa misia licenciado mamá tía cabeza taller curva movimiento belleza ropa color cocina tenería muchacho asistencia marido menudo corbata cama muchacha caballo gente vino cuidado palo juventud cielo educación mesa frac presa estudiante cuarto acera emoción novio dedos monte cola patio violinista curvas novia destino plaza fiera 
48	0,05	baile salón música voz fiesta brazo sala compañero palabra piano caballero señorito pareja amor mirada concurrencia conversación grupo danza gusto gente reunión pieza traje pie flor gracia orquesta sociedad asiento lado atención efecto manera aire placer honor sonrisa dama tono teatro color clase belleza músico aplauso paseo movimiento vals alegría 
49	0,05	bien título abogado heredero fortuna pleito herencia documento riqueza voluntad esposo palacio testamento dinero nobleza señorito escribano criado acto cantidad hacienda dote efecto caballero virtud muerte papel justicia alma estado sentimiento objeto cuerpo secreto cariño castillo honra caudal posesión pliego idea matrimonio sangre conciencia miseria orden cuenta bondad trabajo derecho 
50	0,05	teatro público palco escena compañía telón actor artista pico perro función dama escenario director empresario cómico orquesta obra comedia papel voz aplauso representación ópera bastidor entrada foro actriz cuarto música cabeza platea drama asiento cara manera autor espectáculo coro arte acto puerta ventana carrera traje pieza localidad apuntador proscenio galán 
51	0,05	ojos luz manos años veces hombres voz brazos aire sol ciudad labios puerta cabeza calles mujeres días tierra puertas casas flores horas ruido cuerpo lado cosas pies palabras color fondo pasos cielo agua silencio árboles boca mesa nariz noches rostro pie sombrero voces calle suelo tarde muchacha ventanas barba hija 
52	0,05	sor ciudad superiora criatura oro do agua voz toga huérfano religioso asilado año dioses carro hermosura nana calles sueño época cielo cabeza colores leche través traje capa aspecto pan paz población corral plumas establecimiento arco templo templos horizonte viento espíritu puertas túnica jardín pórtico camino color sol departamento mariposa objeto 
53	0,05	ojos corazón años amor hija alma niña palabras cabeza mirada veces rostro manos flores voz días lágrimas labios jóvenes brazos vista padres mujeres lado frente esposa puerta luz aire hermana belleza fisonomía señorita horas pecho hijos ángel naturaleza fuego cariño hombres boca cielo silencio ideas miradas embargo edad pies meses 
54	0,05	flor sol cielo árbol agua luz bosque aire tierra sombra nube viento hoja rama tarde campo color montaña jardín horizonte fondo luna pie mañana río brisa rayo alma naturaleza lluvia ala camino ave estrella planta canto ciudad soledad rosa mar piedra valle sitio mirada silencio paisaje espacio rumor fuego voz 
55	0,05	dinero negocio fortuna trabajo mes calle capital manera cuenta situación suma gasto escritorio comercio oro gente miseria relación patrón precio año cantidad embargo modo crédito confianza suerte interés dueño idea sueldo necesidad pieza porvenir socio peso dependiente ropa servicio recurso cliente lado viaje mozo posición clase hotel género deuda palabra 
56	0,05	puerta calle voz luz ventana patio cuarto cabeza brazo ruido escalera lado habitación cama pie silencio palabra sala pieza mirada pared llave vista mesa corredor sombra balcón criado silla golpe zaguán suelo duda instante oído mañana aire papel sueño fondo corazón rostro reja grito esquina aposento rato vela claridad miedo 
57	0,05	ciudad alegría tahona placer puerta arrabal parapeto sangre aire panadero barrio calzada calle mar música patrón corazón rúa flor despacho lucha escalera multitud horno boca sol rajo frescura mostrador pensamiento parroquia muchedumbre tienda voz puesto instante cielo dársena granito pájaro gente tren mal pilón restaurant tisis desfile cerveza adolescencia cuarto 
58	0,05	rostro ciudad mancebo espada merced hidalgo morisco honra oro sol ventana canónigo soldado cuadra año paje estancia caballero instante doncella modo capa escudero aágora libro muro muralla embargo criado plata moro suelo sangre ánimo orgullo rumor galán frente gesto puerta pie hierro resplandor daga linaje gloria alma historia dueño anciano 
59	0,05	marqués conde duque general corazón pie gabinete marquesa amor lector conciencia poeta salón carta jorobado coqueta año virtud idea alma já sonrisa risa cara guerra marido puerta sociedad imaginación gloria triunfo felicidad mirada fisonomía razón pecho labio dignidad cámara baronesa impresión calle honra beso reina camino cambio miedo lazo visita 
60	0,05	calle cara gendarme grupo tranvía agua gente café coche acera cigarro esquina cantina secretario peso billete rumor fondo sombrero empleado cura periódico miseria miedo oficina broma transeúnte codo sitio aire brazo copa oficio público humo chico trabajo cochero cigarrillo hospital agente existencia mostrador criatura pena jurado llanto plazuela alcohol teatro 
61	0,05	preso prisión cárcel crimen muerte justicia causa reo calabozo juez orden libertad delito sentencia declaración pena alcaide carcelero víctima verdugo asesino manera ley palabra soldado ejecución guardia prueba sangre proceso asesinato cómplice criminal castigo hecho noticia defensor defensa tribunal acto autoridad conciencia centinela desgraciado papel autor acusación tormento abogado grillo 
62	0,05	mesa copa vino botella plato vaso comida café comedor mozo cocina convidado agua compañero banquete fiesta silla cena licor lado salud apetito dueño conversación cocinero tarde almuerzo sala brindis estómago brazo trago mantel carcajada costumbre asiento criado muchacho servicio fuente taza orden huésped pieza manjar voz color honor bebida gusto 
63	0,05	coronel jefe gobernador capitán teniente comandante orden ejército soldado general tropa sargento fuerza cuartel ciudad caballo cuerpo caballería campaña enemigo mando plaza servicio prefecto arma escolta ayudante espada voz agua comunicación escuadrón camino marcha lado presidente guerra francés cabeza carácter ordenanza papel despacho asistente diligencia plan pliego regimiento guardia permiso 
64	0,05	juego jugador carta oro mesa baraja caballo sota fortuna as carruaje albur jugada partida caballero anciano suerte onza rey naipe feria dinero mozo ciudad lado clase garito banquero tallador cielo ganancia capital alfiler sociedad banca baile salón vicio tapete carpeta cantidad apuesta lugar gusto cara reloj sala puente jefe copa 
65	0,05	alma amor luz cuerpo cerebro idea sombra labio sueño espíritu mirada instante beso boca frase rostro cabeza pensamiento sangre brazo pecho pasión voz deseo ser carne caricia conciencia sol sonrisa tarde sensación fiebre fuerza imagen recuerdo fondo movimiento nervio organismo visión pupila dedo voluntad frente sentido mañana imaginación mente ansia 
66	0,05	vd compadre ojos tierra teatro zócalo revolución personaje capital sastre fistol sombrero jardín extranjeros cosas circo gente voz razón traje lugar cabeza necesidad niñas línea cara servicio idea palabra manera mamá gusto espejo entrada carcajada plata pueblo silencio vista tordillito oro extranjero cartera centro luz hoja plaza paseo vanidad cuidado 
67	0,05	doctor tienda partido pueblo defensa gobierno juez ordenistas club plaza elección alicio cabeza mostrador candidatura mistress ordenista ley voz médico pulpería política poeta paz silencio candidato esquina campanas iglesia italiano tío comisario papá cura enfermedad respuesta tendero misia juzgado atrio compadre marido eneistas campana odio autoridad temor gracia fuerza intendencia 
68	0,05	alma cuerpo corazón lado silencio rato sangre luz cabeza cielo calle tierra amor sol sombra médico voz dolor cuarto pecho cama palabra hogar alegría espíritu esplendor brazo cara muerte marcha miedo pasión ímpetu trabajador rostro carne ciudad frente suburbio plegaria frío flor patio aire grito hambre violencia año mejilla libro 
69	0,05	palabra razón amor corazón asunto idea efecto duda manera modo situación motivo causa embargo noticia desgracia fuerza cabeza deseo camino puerta falta lugar conducta silencio interés intención confianza temor plan secreto peligro ocasión resolución circunstancia pasión presencia esperanza voz amante prueba principio lado objeto derecho carta golpe pensamiento orden sospecha 
70	0,05	caballo camino brazo instante amo muchacho hacienda rancho cuidado gusto toro pueblo maestro cura cerro dinero palabra sombrero arriero silla muías negocio cara lágrima pie plaza año interés lado sitio empeño charro merced corazón valle reata punta suerte fuerza razón peso cabeza favor vera compañero diablo carga pierna pecho villa 
71	0,05	calle cabeza unitario sangre puerta ciudad tirano asesino orden espíritu rosa salvaje caballo patria bandido puñal época embargo sereno mazorca mirada palabra año federación fisonomía servicio río cuchillo pueblo víctima corazón golpe patio negro policía libertad revolución plaza pistola causa acción movimiento compañero sótano cuerpo lector valor mulato expresión cabello 
72	0,05	corazón amor alma palabra lágrima felicidad dolor mirada sentimiento pasión cielo amante pensamiento esperanza labio pecho año ángel placer cariño voz existencia brazo ser recuerdo muerte rostro lado frente cabeza luz tierra instante ilusión dicha desgracia flor ternura embargo sueño idea virtud emoción acento sonrisa destino alegría carta fuerza deseo 
73	0,05	conde condesa marido rancho barón duda baronesa castillo palacio palabra pelo modo convento idea coche negocio luz caballero licenciado plata marqués caballo secretario heredero hacienda estado afecto fortuna general enfermedad suerte gente agitación brigadier mesa asunto ánimo espalda discípulo carretela falta compadre pie vuelta cuidado cura dama copa bigote cama 
74	0,05	virrey corregidor pueblo canónigo gobierno independencia gente secretario plaza oidor regimiento cabeza alcalde dinero teniente voz cura arzobispo cuartel capitán junta escribano conspiración guardia intendente autoridad confianza calle patriota primo efecto regente rey conspirador sello pliego despacho conjurado entusiasmo revolución comisionado patria lado correo trabajo fuerza brazo virreinato mando ánimo 
75	0,05	doncella rey embargo anciano rostro mulato mirada expresión voz esposo año afecto cielo esperanza objeto orgullo caballero frente instante aspecto tierra efecto extranjero monsieur madrastra país aposento tono conversación mancebo silencio artista seno clase improviso fisonomía dueño favorito corte morada ventana emoción gloria tarde palacio libertad paseo lector movimiento acento 
76	0,05	voz muchacho año palabra misia cabeza mamá silencio aire fiesta grupo chico expresión papá rato idea impresión movimiento puerta brazo trabajo cara espíritu flor carácter estancia campo embargo tono existencia vuelta criatura mes alegría escena sitio recuerdo diario calle grito manifestación esfuerzo preocupación ciudad actitud lucha mesa instante gesto situación 
77	0,05	época matrimonio título ciudad raza calle año puerta efecto marido condesa limosna robo amo niña negro viuda gente barrio historia mulata damas dama cabeza uso objeto yerno iglesia caballeros africano lector santo colonia pregunta recuerdo tabaco plaza entrada rival presencia deuda nobleza cautiverio oficio voz prueba vega blanco caridad mesa 
78	0,05	voz brazo cabeza palabra grito muerte rostro pie mirada sangre instante silencio cuerpo puerta dolor fuerza cadáver pecho labio corazón tierra lado luz frente lágrima golpe movimiento suelo esfuerzo espanto anciano rodilla terror venganza acento ruido desesperación vista escena fuego víctima alma crimen herida cielo boca miedo lugar lecho cabello 
79	0,05	balcón terrado do ventana viejo cabeza mirada planta piano niña flor anciano tarde cariño felicidad virgen calle música hojas cielo mar voz color tía playa sol ruido flores lado imagen cuerpo tanto manos alegría miradas jinete pasión expresión brisa perro frente aliento fondo fisonomía sala precaución poesía tono aire corazón 
80	0,05	tío sobrino cura primo lado tía compañero destino carta pueblo oro muchacho cuarto sombrero fiesta habitación baúl especie piedra sonrisa cuello movimiento libro fortuna informe escalera viaje ropa calle recomendación aire compañía influencia muelle dinero par terror embargo modo extremo admiración rostro cabeza concurrencia baile robo género generosidad hilo gorra 
81	0,05	merced calle cabeza puerta caballero duda abuelo edad color mulato mañana embargo sala seña instante pecho casita muchacho brazo cabello palabra silencio cuarto rostro silla barrio ama choza seda tono vista vuelta modo cama sazón expresión mestizo cara cuerpo atención año cuello pie semblante aposento traje alegría ánimo carruaje oro 
82	0,05	galera copa fraile ciudad rostro sierra valle pueblo carabina silencio subteniente fondo sol enferma agua tequila camino sotol tomo_ch muerte cielo marcha hambre palabra estancia extremo cerveza espalda sombra pensamiento trago fonda honor cama efecto carne teniente claridad hombres río aspillera ráfaga mesa lecho país invierno tropa causa cuadro espacio 
83	0,05	bandido jefe ladrón compañero robo dinero silencio plateado bandolero sociedad puñal tono policía autoridad voz crimen carta orden terror cuadrilla oro valor asalto arma comandante café salteador vista lugar caverna modo aspecto mosca camarada entrada ciudad puerta persecución juramento justicia gente candidato alhaja puesto acto herrero lance alegría mesa sangre 
84	0,05	sociedad pueblo país año ley trabajo tierra derecho idea libertad virtud educación espíritu justicia miseria patria raza porvenir vicio religión razón conciencia época clase obra alma bien escuela naturaleza ejemplo deber hogar necesidad progreso humanidad siglo sentimiento moral inteligencia mal libro camino fuerza gobierno ciudad acción estudio nación hecho amor 
85	0,05	médico enfermo muerte dolor enfermedad cama lecho cuerpo doctor estado fiebre cabeza cadáver salud brazo cuarto lágrima corazón mal hospital remedio voz cuidado medicina herida habitación cabecera ciencia esfuerzo anciano alma paciente pie lado semblante tarde facultativo sufrimiento gracia sala delirio desgracia labio sueño frente visita fuerza curación almohada esperanza 
86	0,05	esposo marido matrimonio amor novio corazón boda casamiento felicidad alma razón ceremonia amante enlace celo carta palabra criado estado efecto escena sacrificio unión lágrima bendición rostro viudo brazo padrino sociedad objeto hogar escándalo prueba vista crimen beso deber dicha loco querido suegro pasión desgraciado lucha caricia peso sala miel dignidad 
87	0,05	mamá años año baile chucho marido manera días niñas agua negocio calle curial madrina historia papá amor mes cosas procurador chocolate limosna levita misa compadre amigos hermana examen personas visita hijas color materia piso estado niños raso vecindad diablo grado muchacho criada vecino cara miseria gracia criatura dinero género costumbre 
88	0,05	alcalde dama rey barón alguacil puerta palacio marqués lugar corte calle caballero espada amor cámara criado razón do orden habitación palabra reina crimen maese escudero modo virrey instante mal muerte justicia venganza rostro poder vano linterna pie secreto gracia número taberna golpe peligro ronda anciano efecto enemigo corazón camarada granuja 
89	0,05	cuerpo año vera ocasión muerte vivienda fuerza amor beso cuadro recuerdo principio par embargo memoria artista brazo muchacho sitio carne sueño dicha cama estancia tierra dueño chico cariño calle labio respuesta lágrima juventud ropa cena minuto instante existencia rincón luz regreso jardín dormitorio santo palabra porción hombro muro mueble charla 
90	0,05	capitán carta instante papel caballero año palabra pirata duda sonrisa villa provincia asesino mirada puerta voz gobernador objeto escritorio atención bolsillo silla labio aposento orden presencia país anciano espada oro compañía semblante asombro esperanza acero valor acento alegría nodriza asesinato frase cabeza soldado corazón campo alférez fray filibustero arma crimen 
91	0,05	mono capitán gorila especie eslabón doctor naturaleza razón viajero siglo edad efecto animal tierra río ángulo ser fiera hembra ciencia chimpancé tribu palabra orang modo terreno origen salvaje tipo gibón negro raza región forma época cerebro pilotín brazo fruto cráneo guerra idea perro antropoide cola isla bosque grado género inteligencia 
92	0,05	soldados ojos armas hombres españoles cabeza sol indios oro mirada plumas guerra imperio dioses soldado camino cortés fuego valle pueblo silencio poder veterano río ruinas arena pies conquista montañas efecto terreno agua terror sangre castillo frente árbol batalla lado águila aspecto hombro país voz tierra piedras hijos columna bosque valles 
93	0,05	maestro libro ciencia obra palabra poeta año razón sabio estudio voz idea arte objeto modo autor especie historia carácter lucha discípulo artista forma espíritu individuo siglo profesor teoría cuestión opinión talento manera pie lección ciudad cuadro materia fenómeno inspiración poesía idioma música expresión gloria lector alma verso inteligencia país pregunta 
94	0,05	examen calle año sitio cortito pieza abrigo estudio estudiante orden grupo memoria entrada clase cara lord mirada suerte ciencia número compañero resto puerta sombrero jóvenes libro época calma lado carrera expresión compañera gusto programa mármol aire años salida mesa existencia catedrático personaje rato estudiantes conversación prisa juventud morada claustro fisonomía 
95	0,05	pueblo mamá juego mañana memoria amor sol lado cara piedra silla arroyo muchacho aldea leche labrador perro medalla vuelta secreto libro trabajo religión historia deseo placer sueño papá conciencia desayuno flores sombra cabaña instrucción necesidad amiga ser virtud carne cosas calor eco novela edad tren toque sensación mar padrino miedo 
96	0,05	muchacho dinero criado puerta año gente calle vecino pollo manera amo ropa cara cuarto lugar hacienda lector ladrón sombrero recámara merced compadre peso trabajo coche palabra marido desgracia pobre alhaja licenciado chico vela cocina oro llave cuidado portero criatura ama pieza semana negocio pulque papel agua mes rebozo efecto pueblo 
97	0,05	ejército manera soldado jefe enemigo tropa fuerza prisionero coronel marcha arma orden batalla combate provincia gobierno caudillo caballo muerte acto lado campamento gente guerra campaña elemento cuerpo ciudad infantería golpe montonero caballería noticia herida peligro palabra fraile grupo persecución modo triunfo pueblo seguridad paz regimiento situación población género libertad camino 
98	0,05	deán jesuíta prepósito conde caballero socio provincia comisario obispo judío gobernador maestre embargo orden cabildo dominico asunto colegial palacio presencia negocio especie efecto suceso puerta silencio mesa confesor año colegio sitio carta regidor esposo ánimo historia visita aire objeto prelado bien motivo rey vista usarced comisionado papel finca conferencia tribunal 
99	0,05	cabeza boca pie muchacho cara agua perro suelo pierna gente cuerpo aire vuelta nariz diablo año carne sombrero puerta chico grito diente oreja golpe piedra barba dedo pared color punta brazo ropa animal camisa pelo sangre sol vecino lengua calle hueso hombro tierra par gato palo papel pedazo fuego pata 
